NFL Injuries,,,,
,,,,
Arizona Cardinals,,,,
NAME,POS,EST. RETURN DATE,STATUS,COMMENT
Mack Wilson Sr.,LB,Nov 16,Questionable,
Xavier Weaver,WR,Nov 16,Questionable,
Max Melton,CB,Nov 16,Questionable,
Will Johnson,CB,Nov 16,Questionable,
Simi Fehoko,WR,Nov 30,Out,"Nov 10: Head coach Jonathan Gannon said Monday that Fehoko is expected to ""miss some time"" due to a wrist injury he sustained against the Seahawks on Sunday, Tyler Drake of ArizonaSports.com reports."
Zay Jones,WR,Dec 14,Out,"Nov 10: Coach Jonathan Gannon said Monday that Jones will be placed on injured reserve due to an Achilles injury, Bo Brack of GoPHNX.com reports."
Walter Nolen III,DT,Nov 16,Questionable,Nov 9: Nolen (knee) has been ruled out for the rest of Sunday's contest against the Seahawks.
Darius Robinson,DE,Nov 16,Questionable,"Nov 9: Robinson exited Sunday's game against the Seahawks with a groin injury and will not return, Darren Urban of the Cardinals' official site reports."
Bam Knight,RB,Nov 16,Questionable,Nov 9: Knight sustained an ankle injury during Sunday's contest at Seattle.
Jonah Williams,OT,Nov 16,Questionable,Nov 9: Williams (shoulder) is questionable to return to Arizona's matchup versus the Seahawks on Sunday.
Dadrion Taylor-Demerson,S,Nov 16,Questionable,Nov 9: Taylor-Demerson (ankle) has been ruled out for the rest of Sunday's game against the Seahawks.
Kyler Murray,QB,Dec 7,Injured Reserve,"Nov 9: Murray, who was placed on injured reserve Wednesday due to a mid-foot sprain, is not expected to start again if he returns this season, ""absent injury to Jacoby Brissett,"" Ian Rapoport of NFL Network reports."
BJ Ojulari,LB,Nov 16,Out,"Nov 7: Ojulari (knee) has been ruled out for Sunday's game against the Seahawks, Tyler Drake of ArizonaSports.com reports."
Trey Benson,RB,Nov 16,Injured Reserve,"Nov 5: Cardinals coach Jonathan Gannon said Wednesday that Benson (knee) is ""doing well"" but isn't ready to practice, Theo Mackie of The Arizona Republic reports."
Travis Vokolek,TE,Feb 9,Injured Reserve,"Oct 15: The Cardinals placed Vokolek on injured reserve Wednesday due to a season-ending neck injury, Darren Urban of the team's official site reports."
Blake Gillikin,P,Nov 16,Injured Reserve,"Oct 11: The Cardinals placed Gillikin on injured reserve Saturday due to a back injury, Zach Gershman of the team's official site reports."
Tip Reiman,TE,Feb 9,Injured Reserve,Oct 8: Reiman (ankle) was placed on injured reserve Wednesday.
James Conner,RB,Feb 9,Injured Reserve,Sep 23: The Cardinals placed Conner (foot) on injured reserve Tuesday.
L.J. Collier,DE,Nov 16,Injured Reserve,Sep 17: Collier (knee) was placed on injured reserve Wednesday.
Joey Blount,S,Feb 9,Injured Reserve,"Sep 10: Head coach Jonathan Gannon told reporters Wednesday that Blount (neck/concussion) will be placed on injured reserve and miss the remainder of the season, Josh Weinfuss of ESPN.com reports."
Justin Jones,DT,Nov 16,Injured Reserve,"Aug 28: The Cardinals placed Jones on injured reserve Thursday due to a knee injury, Darren Urban of the team's official site reports."
Christian Jones,OT,Nov 16,Injured Reserve,Aug 27: Jones (knee) was placed on injured reserve Tuesday.
Hayden Conner,G,Nov 16,Injured Reserve,Aug 27: Conner (knee) was placed on injured reserve Tuesday.
J.J. Russell,LB,Feb 9,Injured Reserve,"Aug 27: Russell was placed on injured reserve by the Cardinals on Tuesday, Darren Urban of the team's official website reports."
Valentin Senn,OT,Feb 9,Injured Reserve,"Aug 3: Senn (undisclosed) was placed on injured reserve by the Cardinals on Sunday, Aaron Wilson of KPRC 2 Houston reports."
Atlanta Falcons,,,,
NAME,POS,EST. RETURN DATE,STATUS,COMMENT
Tyrone Wheatley Jr.,OT,Feb 9,Injured Reserve,
LaCale London,DE,Nov 16,Questionable,
Mike Hughes,CB,Nov 16,Questionable,
Leonard Floyd,DE,Nov 16,Questionable,
Matthew Bergeron,G,Nov 16,Questionable,
Josh Woods,LB,Nov 16,Questionable,"Nov 9: Woods has a hamstring injury and is questionable to return to Sunday's game against the Colts, Marc Raimondi of ESPN.com reports."
DeAngelo Malone,LB,Nov 16,Questionable,"Nov 9: Malone (ankle) has been ruled out for the rest of Sunday's game against the Colts, Marc Raimondi of ESPN.com reports."
Dee Alford,CB,Nov 16,Questionable,"Nov 9: Alford (concussion) has been ruled out for the rest of Sunday's game against the Colts, Tori McElhaney of the Falcons' official site reports."
Sam Roberts,DT,Nov 16,Questionable,"Nov 9: Roberts was forced out of Sunday's game against the Colts in Berlin in the first quarter due to an ankle injury and is considered questionable to return, Marc Raimondi of ESPN.com reports."
Storm Norton,OT,Nov 16,Injured Reserve,"Nov 6: Norton (foot) is not traveling with the team to Berlin for Sunday's contest against the Colts, Tori McElhaney of the Falcons' official website reports."
Divine Deablo,LB,Nov 23,Injured Reserve,"Oct 25: The Falcons placed Deablo (forearm) on injured reserve Saturday, Terrin Waack of the team's official site reports."
Clark Phillips III,CB,Nov 16,Injured Reserve,"Oct 18: The Falcons placed Phillips (triceps/illness) on injured reserve Saturday, Terrin Waack of the team's official site reports."
Bralen Trice,LB,Nov 16,Injured Reserve,"Aug 28: The Falcons placed Trice (knee) on injured reserve Thursday, Tori McElhaney of the team's official site reports."
Malik Verdon,S,Nov 16,Out,"Aug 27: The Falcons moved Verdon to the reserve/non-football injury list Tuesday, Terrin Waack, Will McFadden and Tori McElhaney of the team's official site report."
Troy Andersen,LB,Nov 16,Out,"Aug 26: The Falcons placed Anderson on the reserve/PUP list Tuesday, Terrin Waack, Will McFadden and Tori McElhaney of the team's official site report."
Kaleb McGary,OT,Feb 9,Injured Reserve,"Aug 26: The Falcons placed McGary on season-ending IR on Tuesday, Mike Garafolo of NFL Network reports."
Emory Jones,QB,Feb 9,Injured Reserve,"Aug 19: Jones (concussion) reverted to injured reserve after clearing waivers Tuesday, Aaron Wilson of KPRC 2 Houston reports."
Baltimore Ravens,,,,
NAME,POS,EST. RETURN DATE,STATUS,COMMENT
Jay Higgins IV,LB,Nov 23,Out,"Nov 10: Higgins (knee) is expected to be sidelined for some time, Ian Rapoport of NFL Network reports."
Marlon Humphrey,CB,Nov 16,Questionable,"Nov 10: Ravens coach John Harbaugh said Monday that Humphrey (finger) could miss one or two weeks if his injury requires surgery, but that the team is still evaluating options, Jeff Zrebiec of The Athletic reports."
Rashod Bateman,WR,Nov 16,Questionable,"Nov 10: Ravens coach John Harbaugh said Monday that Bateman sustained an ankle sprain during Sunday's win over the Vikings, Jamison Hensley of ESPN.com reports."
Broderick Washington Jr.,DT,Nov 23,Injured Reserve,"Nov 3: Head coach John Harbaugh told reporters Monday that Washington successfully underwent Achilles tendon surgery, Jonas Shaffer of TheBaltimoreBanner.com reports."
Tavius Robinson,LB,Nov 27,Injured Reserve,"Oct 22: The Ravens placed Robinson (foot) on injured reserve Wednesday, Ryan Mink of the team's official site reports."
Nnamdi Madubuike,DT,Feb 9,Injured Reserve,"Sep 29: Head coach Jon Harbaugh told reporters Monday that Madubuike (neck) won't return this season, Jamison Hensley of ESPN.com reports."
Ar'Darius Washington,S,Dec 7,Out,"Aug 27: The Ravens placed Washington (Achilles) on the reserve/PUP list Tuesday, Jamison Hensley of ESPN.com reports."
Adisa Isaac,LB,Nov 16,Injured Reserve,"Aug 27: Baltimore placed Isaac (elbow) on its injured reserve list Tuesday, Jamison Hensley of ESPN.com reports."
Dayton Wade,WR,Feb 9,Injured Reserve,"Aug 26: The Ravens placed Wade (ribs) on injured reserve Tuesday, Jamison Hensley of ESPN.com reports."
Robert Longerbeam,CB,Feb 9,Injured Reserve,"Aug 10: The Ravens placed Longerbeam (knee) on injured reserve Sunday, Jamison Hensley of ESPN.com reports."
Bilhal Kone,CB,Feb 9,Injured Reserve,Aug 9: The Ravens placed Kone (knee) on injured reserve Saturday.
Buffalo Bills,,,,
NAME,POS,EST. RETURN DATE,STATUS,COMMENT
Shaq Thompson,LB,Nov 16,Questionable,
Joshua Palmer,WR,Nov 16,Questionable,
Taron Johnson,CB,Nov 16,Questionable,
AJ Epenesa,DE,Nov 16,Questionable,
Christian Benford,CB,Nov 16,Questionable,
Dalton Kincaid,TE,Nov 16,Questionable,"Nov 10: Kincaid is week-to-week after suffering a hamstring injury during Sunday's loss to the Dolphins, NFL reporter Jordan Schultz reports."
Landon Jackson,DE,Nov 16,Questionable,Nov 9: Jackson (knee) has been ruled out for the remainder of Sunday's contest against the Dolphins.
Dorian Strong,CB,Nov 20,Injured Reserve,"Nov 3: Head coach Sean McDermott was unable to provide a timeline on Strong's (neck) return Monday, Matt Parrino of The Syracuse Post-Standard reports."
Michael Hoecht,DE,Feb 9,Injured Reserve,"Nov 3: The Bills placed Hoecht on injured reserve Monday due to a torn right Achilles which will sideline him for the rest of the 2025, season, Alaina Getzenberg of ESPN.com reports."
Ed Oliver,DT,Jan 4,Injured Reserve,"Nov 2: Oliver (biceps) has a chance to return for the first week of the playoffs, Ian Rapoport of NFL Network reports."
Taylor Rapp,S,Jan 4,Injured Reserve,"Oct 31: Rapp underwent surgery on his injured knee this week and is likely going to miss the remainder of the season, Alaina Getzenberg of ESPN.com reports."
T.J. Sanders,DT,Nov 16,Injured Reserve,"Oct 11: The Bills placed Sanders (knee) on injured reserve Saturday, Alaina Getzenberg of ESPN reports."
Damar Hamlin,S,Nov 16,Injured Reserve,"Oct 11: The Bills placed on Hamlin (pectoral) on injured reserve Saturday, Alaina Getzenberg of ESPN.com reports."
Tyler Bass,PK,Nov 16,Injured Reserve,"Oct 9: Bills coach Sean McDermott said Thursday that Bass (left hip/groin) is among players on IR who will not have their practice windows opened yet, Joe Buscaglia of The Athletic reports."
Cameron Johnston,P,Nov 16,Injured Reserve,Sep 30: The Bills placed Johnston (foot/ankle) on injured reserve Tuesday.
DeWayne Carter,DT,Feb 9,Injured Reserve,Sep 4: The Bills placed Carter (Achilles) on injured reserve Thursday.
Wande Owens,S,Feb 9,Injured Reserve,"Aug 27: Owens (undisclosed) reverted to the Bills' injured reserve list Wednesday, Alaina Getzenberg of ESPN.com reports."
Tylan Grable,OT,Nov 16,Injured Reserve,Aug 27: Grable (concussion) was placed on injured reserve with a designation to return Tuesday.
Carolina Panthers,,,,
NAME,POS,EST. RETURN DATE,STATUS,COMMENT
Chandler Zavala,G,Nov 16,Questionable,
Brycen Tremayne,WR,Nov 16,Questionable,
Princely Umanmielen,LB,Nov 16,Questionable,"Nov 9: Umanmielen (groin) returned to Sunday's game against the Saints before leaving again in the second half, Darin Gantt of the Panthers' official site reports."
Brady Christensen,G,Feb 9,Injured Reserve,"Oct 30: Carolina placed Christensen (Achilles) on injured reserve Thursday, Darin Gantt of the team's official site reports."
Patrick Jones II,LB,Feb 9,Injured Reserve,"Oct 18: Jones (back) was placed on injured reserve Saturday, Joe Person of The Athletic reports."
David Moore,WR,Dec 14,Injured Reserve,"Oct 1: Moore suffered a dislocated elbow in last Sunday's loss to the Patriots, Joe Person of The Athletic reports."
Robert Hunt,G,Dec 14,Injured Reserve,"Sep 22: Head coach Dave Canales told reporters Monday that Hunt could miss the rest of the season after undergoing successful surgery to repair a torn biceps, Joe Person of The Athletic reports."
Damarri Mathis,CB,Feb 9,Injured Reserve,Sep 6: The Panthers placed Mathis (knee) on injured reserve Saturday.
Popo Aumavae,DT,Feb 9,Injured Reserve,"May 9: Aumavae (Achilles) cleared waivers and reverted to injured reserve Friday, Aaron Wilson of KPRC 2 Houston reports."
Jonathon Brooks,RB,Feb 9,Out,"May 8: The Panthers are placing Brooks on the physically unable to perform list, ruling him out for the entire 2025 season."
Chicago Bears,,,,
NAME,POS,EST. RETURN DATE,STATUS,COMMENT
Jahdae Walker,WR,Nov 16,Questionable,
Dominique Robinson,DE,Nov 16,Questionable,
T.J. Edwards,LB,Nov 16,Questionable,
Josh Blackwell,CB,Nov 16,Questionable,
Ruben Hyppolite II,LB,Nov 16,Questionable,Nov 9: Hyppolite (knee) is questionable to return to Sunday's game against the Giants.
Dayo Odeyingbo,DE,Feb 9,Injured Reserve,Nov 4: The Bears placed Odeyingbo (Achilles) on injured reserve Tuesday.
Shemar Turner,DT,Feb 9,Injured Reserve,Oct 28: The Bears placed Turner (knee) on injured reserve Tuesday.
Braxton Jones,OT,Nov 23,Injured Reserve,Oct 25: Jones (knee) was placed on the injured reserve list Saturday.
Kyler Gordon,CB,Nov 23,Injured Reserve,Oct 25: Gordon (groin/calf) was placed on the injured reserve list Saturday.
Jaylon Johnson,CB,Nov 16,Injured Reserve,"Sep 22: Johnson (groin) will undergo core-muscle surgery this week, Scott Bair of Marquee Sports Network reports."
Kiran Amegadjie,OT,Nov 16,Injured Reserve,Sep 20: The Bears placed Amegadjie (elbow) on injured reserve Saturday.
Zah Frazier,CB,Feb 9,Out,"Aug 27: Bears general manager Ryan Poles said Tuesday that Frazier will remain on the reserve/non-football injury list the entire 2025 campaign for a ""personal"" reason, Courtney Cronin of ESPN reports."
Terell Smith,CB,Feb 9,Injured Reserve,Aug 24: The Bears placed Smith (knee) on injured reserve Sunday.
Deion Hankins,RB,Feb 9,Injured Reserve,"Aug 20: Hankins (shoulder/quadriceps) was placed on injured reserve Wednesday, Adam Hoge of AllCHGO.com reports."
Cincinnati Bengals,,,,
NAME,POS,EST. RETURN DATE,STATUS,COMMENT
Marco Wilson,CB,Nov 16,Questionable,
Dalton Risner,G,Nov 16,Questionable,
Joe Burrow,QB,Nov 27,Injured Reserve,"Nov 10: Burrow (toe), who has been designated to return from IR, won't play Sunday against the Steelers, but Ben Baby of ESPN.com relays that the QB acknowledged Monday that it would be meaningful if he could return to action for the Bengals' Thanksgiving Day game against the Ravens on Nov. 27."
Trey Hendrickson,DE,Nov 16,Doubtful,"Nov 10: Coach Zac Taylor said Monday that Hendrickson (hip) is doubtful to play Sunday against the Steelers, Paul Dehner Jr. of The Athletic reports."
Shemar Stewart,DE,Nov 16,Questionable,"Nov 3: Head coach Zac Taylor said Monday that Stewart is considered ""week-to-week"" due to a knee injury he sustained during the Bengals' 47-42 loss to the Bears, Ben Baby of ESPN.com reports."
Samaje Perine,RB,Nov 16,Questionable,"Nov 3: Bengals head coach Zac Taylor said that Perine sustained a high-ankle sprain in Sunday's 47-42 loss to the Bears and will need a couple of weeks to recover, Jay Morrison of SI.com reports."
Matt Lee,C,Dec 7,Injured Reserve,Oct 28: The Bengals placed Lee (knee) on injured reserve Tuesday.
Shaka Heyward,LB,Dec 7,Injured Reserve,Oct 28: The Bengals placed Heyward (fibula) on injured reserve Tuesday.
Mike Gesicki,TE,Nov 23,Injured Reserve,Oct 15: The Bengals placed Gesicki (pectoral) on injured reserve Wednesday.
Cordell Volson,G,Feb 9,Injured Reserve,Aug 27: Volson (shoulder) reverted to the Bengals' injured reserve list Wednesday.
Daijahn Anthony,S,Nov 16,Injured Reserve,"Aug 27: Anthony (hamstring) was placed on injured reserve by the Bengals on Tuesday, but he was designated to return."
Erick All Jr.,TE,Feb 9,Out,Aug 26: The Bengals placed All (knee) on the reserve/PUP list Tuesday.
Cleveland Browns,,,,
NAME,POS,EST. RETURN DATE,STATUS,COMMENT
Cornelius Lucas,OT,Nov 16,Questionable,
Isaiah Bond,WR,Nov 16,Questionable,
Alex Wright,DE,Nov 16,Questionable,"Nov 9: Wright (quadriceps) has been ruled out for the rest of Sunday's matchup with the Jets, Daniel Oyefusi of ESPN.com reports."
Deshaun Watson,QB,Nov 23,Out,"Nov 3: Browns head coach Kevin Stefanski said Monday that Watson (Achilles) won't have his 21-day practice window opened this week, Scott Petrak of the Elyria Chronicle-Telegram reports."
DeAndre Carter,WR,Nov 16,Injured Reserve,"Sep 29: Head coach Kevin Stefanski told reporters Monday that Carter (knee) will miss ""weeks,"" Daniel Oyefusi of ESPN.com reports."
Dawand Jones,OT,Feb 9,Injured Reserve,"Sep 26: Jones (knee/hamstring) underwent surgery to address a torn LCL in his right knee and a hamstring avulsion Thursday, Chris Easterling of the Akron Beacon Journal reports."
Winston Reid,LB,Nov 16,Injured Reserve,Aug 27: Reid (back) was placed on injured reserve Tuesday.
Nathaniel Watson,LB,Feb 9,Injured Reserve,Aug 21: Watson (biceps) was placed on injured reserve Thursday.
Anthony Kendall,CB,Feb 9,Injured Reserve,"Aug 6: Kendall (undisclosed) reverted to Cleveland's injured reserve list Wednesday, Aaron Wilson of KPRC 2 Houston reports."
Martin Emerson Jr.,CB,Feb 9,Injured Reserve,"Jul 30: Emerson (Achilles) was ruled out for the season Wednesday, Mary Kay Cabot of The Cleveland Plain Dealer reports."
Justin Osborne,C,Feb 9,Injured Reserve,Jun 10: Osborne (undisclosed) reverted to Cleveland's injured reserve Tuesday.
Jeremiah Owusu-Koramoah,LB,Feb 9,Out,May 12: The Browns placed Owusu-Koramoah (neck) on the Reserve/Physically Unable to to Perform list Monday.
Dallas Cowboys,,,,
NAME,POS,EST. RETURN DATE,STATUS,COMMENT
Logan Wilson,LB,Nov 16,Questionable,
Donovan Wilson,S,Nov 17,Questionable,
Ajani Cornelius,OT,Nov 17,Questionable,
Alijah Clark,S,Nov 17,Questionable,
Shavon Revel Jr.,CB,Nov 17,Out,"Nov 4: Head coach Brian Schottenheimer told reporters Tuesday that Revel (knee) is ""trending"" toward making his 2025 debut in the Cowboys' Week 11 road tilt against the Raiders on Monday, Nov. 17, Joe Hoyt of The Dallas Morning News reports."
DeMarvion Overshown,LB,Nov 17,Out,"Nov 4: Head coach Brian Schottenheimer said Tuesday that Overshown (knee) is ""trending"" toward being activated from injured reserve ahead of the Cowboys' Week 11 clash against the Raiders on Monday, Nov. 17, Joe Hoyt of The Dallas Morning News reports."
Solomon Thomas,DT,Nov 17,Questionable,Nov 3: Thomas is questionable to return to Monday's clash against the Cardinals due to a calf issue.
Markquese Bell,S,Nov 17,Questionable,Nov 3: Bell is questionable to return on Monday's Week 9 matchup against the Cardinals due to cramps.
Terence Steele,OT,Nov 17,Questionable,"Nov 3: Steele was added to the Cowboys' injury report for Monday's game against the Cardinals due to a migraine but will be active for the game, Calvin Watkins of The Dallas Morning News reports."
Jack Sanborn,LB,Dec 4,Injured Reserve,Nov 3: Sanborn (groin) was placed on the injured reserve list Monday.
Perrion Winfrey,DT,Nov 17,Injured Reserve,"Nov 1: Winfrey (back) has been ruled out ahead of Monday's game against the Cowboys, Todd Archer of ESPN.com reports."
Trevon Diggs,CB,Nov 27,Injured Reserve,"Oct 30: Diggs (concussion/knee) attended practice Thursday, Joe Hoyt of The Dallas Morning News reports."
Trevor Keegan,G,Nov 27,Injured Reserve,Oct 21: The Cowboys placed Keegan (neck) on injured reserve Tuesday.
Miles Sanders,RB,Feb 9,Injured Reserve,Oct 11: The Cowboys placed Sanders (knee/ankle) on injured reserve Saturday.
Malik Hooker,S,Nov 17,Injured Reserve,Oct 4: Hooker (toe) was placed on injured reserve Saturday.
John Stephens Jr.,TE,Nov 17,Injured Reserve,"Aug 28: The previously terminated contract between the Cowboys and Stephens (undisclosed) was reinstated Thursday, and he has been placed on injured reserve, Aaron Wilson of KPRC 2 Houston reports."
Phil Mafah,RB,Nov 17,Injured Reserve,Aug 27: The Cowboys placed Mafah (shoulder) on injured reserve Wednesday.
Payton Turner,DE,Nov 17,Injured Reserve,"Aug 26: The Cowboys placed Turner (ribs) on injured reserve Tuesday, ruling him out for at least the first four games of the regular season."
Rob Jones,G,Feb 9,Injured Reserve,"Aug 8: Jones (neck) was placed on season-ending injured reserve Friday, Nick Eatman of the Cowboys' official site reports."
Josh Butler,CB,Nov 17,Out,"Jul 21: Butler (knee) was placed on the active/PUP list Monday, Calvin Watkins of the Dallas Morning News reports."
Denver Broncos,,,,
NAME,POS,EST. RETURN DATE,STATUS,COMMENT
Pat Surtain II,CB,Nov 16,Questionable,
Marvin Mims Jr.,WR,Nov 16,Questionable,
Nate Adkins,TE,Nov 16,Questionable,
Alex Singleton,LB,Nov 16,Questionable,"Nov 10: Singleton (groin) announced Monday that he is recovering from a surgery he underwent to remove a cancerous tumor after Denver's win over the Raiders on Thursday, Adam Schefter of ESPN reports."
J.K. Dobbins,RB,Nov 16,Questionable,"Nov 7: Dobbins suffered a foot injury during Thursday's 10-7 win against the Raiders and is getting a second opinion, Tom Pelissero of NFL Network reports."
Jonah Elliss,LB,Nov 16,Questionable,"Nov 6: Elliss (hamstring) has been ruled out for the remainder of Thursday night's contest versus Las Vegas, Nick Kosmider of The Athletic reports."
Karene Reid,LB,Nov 16,Questionable,"Nov 6: Reid (hamstring) has been ruled out for the rest of Thursday night's contest against the Raiders, Parker Gabriel of The Denver Post reports."
Lucas Krull,TE,Jan 4,Injured Reserve,"Oct 27: Krull underwent surgery to repair the the fractured fifth metatarsal in his left foot Monday and is expected to be out for eight weeks, Chris Tomasson of The Denver Gazette reports."
Garret Wallow,LB,Nov 16,Injured Reserve,"Oct 14: The Broncos placed Wallow (hamstring) on injured reserve Tuesday, Ben Swanson of the team's official site reports."
Matt Peart,OT,Nov 16,Injured Reserve,Oct 14: The Broncos placed Peart (knee) on injured reserve Tuesday.
Ben Powers,G,Dec 7,Injured Reserve,"Oct 11: The Broncos placed Powers (biceps) on injured reserve Saturday, Chris Tomasson of The Denver Gazette reports."
Drew Sanders,LB,Nov 16,Injured Reserve,"Aug 27: Sanders (foot) was placed on injured reserve with a designation to return Tuesday, Aric DiLalla of the Broncos' official website reports."
Michael Burton,FB,Feb 9,Injured Reserve,"Aug 26: Burton was placed on injured reserve by the Broncos on Tuesday, Aric DiLalla of the team's official website reports."
Nick Gargiulo,G,Feb 9,Injured Reserve,"Aug 19: Head coach Sean Payton announced Tuesday that it was an ACL injury that landed Gargiulo on injured reserve, Aric DiLalla of the Broncos' official site reports."
Matt Henningsen,DE,Feb 9,Injured Reserve,"Aug 11: Henningsen (Achilles) reverted to the Broncos' injured reserve Monday, Chris Tomasson of The Denver Gazette reports."
Johnny Walker Jr.,LB,Feb 9,Injured Reserve,"Jul 31: Walker (undisclosed) was placed on injured reserve by the Broncos on Thursday, Aric DiLalla of the team's official site reports."
Detroit Lions,,,,
NAME,POS,EST. RETURN DATE,STATUS,COMMENT
Jacob Saylors,RB,Nov 16,Questionable,
Pat O'Connor,DE,Nov 16,Questionable,
Kerby Joseph,S,Nov 16,Questionable,
Terrion Arnold,CB,Nov 16,Questionable,Nov 9: Arnold (concussion) has been ruled out for the remainder of Detroit's game Sunday versus the Commanders.
Malcolm Rodriguez,LB,Nov 16,Out,Nov 8: Rodriguez (knee) has been downgraded to out for Sunday's game versus Washington.
Miles Frazier,G,Nov 16,Out,Nov 7: Frazier (knee) has been ruled out for Sunday's game against the Commanders.
Josh Paschal,DE,Nov 16,Out,Nov 7: Paschal (back) has been ruled out for Sunday's game against Washington.
Christian Mahogany,G,Dec 4,Injured Reserve,"Nov 5: The Lions placed Mahogany (leg) on injured reserve Wednesday, Allen Park of Michigan Live reports."
Marcus Davenport,DE,Nov 16,Injured Reserve,"Oct 28: Head coach Dan Campbell did not provide a definitive timetable for Davenport (chest) to return from injury during Tuesday's press conference, Nolan Bianchi of The Detroit News reports."
Zach Cunningham,LB,Nov 27,Injured Reserve,"Oct 22: Detroit placed Cunningham (hamstring) on its injured reserve list Wednesday, Jacob Richman of mlive.com reports."
Giovanni Manu,OT,Nov 16,Injured Reserve,Oct 11: The Lions placed Manu (knee) on injured reserve Saturday.
Khalil Dorsey,CB,Nov 16,Injured Reserve,Oct 8: Dorsey (concussion) was placed on injured reserve Wednesday.
D.J. Reed,CB,Nov 16,Injured Reserve,Oct 1: The Lions placed Reed (hamstring) on injured reserve Wednesday.
Shane Zylstra,TE,Nov 16,Injured Reserve,Sep 16: The Lions placed Zylstra (ankle) on injured reserve Tuesday.
Jamarco Jones,OT,Feb 9,Injured Reserve,"Sep 8: Head coach Dan Campbell said Monday that Jones (ankle) is out for the entire 2025 season, Colton Pouncy of The Athletic reports."
Ezekiel Turner,LB,Feb 9,Injured Reserve,Aug 27: The Lions placed Turner (foot) on injured reserve Tuesday.
Colby Sorsdal,OT,Feb 9,Injured Reserve,Aug 10: The Lions placed Sorsdal (undisclosed) on injured reserve Sunday.
Ennis Rakestraw Jr.,CB,Feb 9,Injured Reserve,Aug 7: Rakestraw (shoulder) was placed on injured reserve Thursday.
Kye Robichaux,RB,Feb 9,Injured Reserve,"Aug 5: Robichaux (undisclosed) reverted to Detroit's injured reserve list Tuesday, per the NFL's transaction log."
Dan Jackson,S,Feb 9,Injured Reserve,Aug 4: The Lions placed Jackson (leg) on injured reserve Monday.
Levi Onwuzurike,DE,Feb 9,Out,"Jul 20: Onwuzurike will miss the 2025 NFL campaign after undergoing surgery for a torn ACL, Adam Schefter of ESPN reports."
Green Bay Packers,,,,
NAME,POS,EST. RETURN DATE,STATUS,COMMENT
Lukas Van Ness,DE,Nov 16,Questionable,
Nate Hobbs,CB,Nov 16,Questionable,
Elgton Jenkins,G,Nov 16,Doubtful,"Nov 11: X-rays revealed that Jenkins suffered a fracture in his ankle or lower leg in Monday's 10-7 loss to the Eagles, Rob Demovsky of ESPN.com reports."
Romeo Doubs,WR,Nov 16,Questionable,"Nov 10: Doubs is questionable to return to Monday's game against the Eagles due to a chest injury, Zach Jacobson of 247Sports.com reports."
Matthew Golden,WR,Nov 16,Questionable,"Nov 10: Golden (shoulder) is listed as inactive Monday against the Eagles, Mike Spofford of the Packers' official site reports."
MarShawn Lloyd,RB,Nov 16,Injured Reserve,"Nov 6: Packers head coach Matt LaFleur said that Lloyd (hamstring) recently headed to the West Coast to continue his rehab program, but the running back is without a clear timeline to return from injured reserve, Wes Hodkiewicz of the Packers' official site reports."
Tucker Kraft,TE,Feb 9,Injured Reserve,Nov 4: The Packers placed Kraft (knee) on injured reserve Tuesday.
Nick Niemann,LB,Nov 27,Injured Reserve,Nov 1: Niemann (pectoral) was placed on injured reserve Saturday.
Jayden Reed,WR,Nov 16,Injured Reserve,"Oct 29: Reed (collarbone, foot) remains on IR and has not yet had his 21-day practice window opened, but he spent time on the rehab field Wednesday, Rob Demovsky of ESPN.com reports."
Collin Oliver,DE,Nov 16,Out,"Oct 15: Head coach Matt LaFleur relayed Wednesday that Oliver is still working through a hamstring injury, and his ability to return from the reserve/PUP list is ""up in the air,"" Rob Demovsky of ESPN.com reports."
Brenton Cox Jr.,DE,Nov 16,Injured Reserve,Sep 11: The Packers placed Cox (groin) on injured reserve Thursday.
John Williams,G,Nov 16,Out,"Aug 27: The Packers placed Williams (back) on the reserve/PUP list Tuesday, Wes Hodklewickz of the team's official site reports."
Travis Glover,OT,Feb 9,Injured Reserve,"Aug 6: The Packers placed Glover (shoulder) on injured reserve Wednesday, Tom Silverstein of the Milwaukee Journal Sentinel reports."
Houston Texans,,,,
NAME,POS,EST. RETURN DATE,STATUS,COMMENT
Cade Stover,TE,Nov 16,Injured Reserve,"Nov 11: Stover (foot) is expected to return to practice soon, possibly as early as this week, Aaron Wilson of KPRC 2 Houston reports."
C.J. Stroud,QB,Nov 16,Questionable,
Jalen Pitre,S,Nov 16,Questionable,
Ed Ingram,G,Nov 16,Questionable,
Tytus Howard,OT,Nov 16,Questionable,
Christian Harris,LB,Nov 16,Questionable,
Ka'imi Fairbairn,PK,Nov 16,Questionable,
M.J. Stewart,S,Feb 9,Out,"Nov 10: Texans head coach DeMeco Ryans said Monday that Stewart will require season-ending surgery to address the left quadriceps injury he sustained in Sunday's 36-29 win over the Jaguars, DJ Bien-Aime of ESPN.com reports."
Jakob Johnson,FB,Nov 16,Injured Reserve,Nov 7: Johnson (hamstring) has been ruled out for Sunday's game against the Jaguars.
Jaylin Smith,CB,Dec 7,Injured Reserve,Nov 5: Smith (undisclosed) was placed on the injured reserve list Wednesday.
Darrell Taylor,DE,Dec 7,Injured Reserve,Nov 5: Taylor (ankle) was placed on the injured reserve list Wednesday.
Jimmie Ward,S,Nov 16,Out,"Nov 3: Head coach DeMeco Ryans said Monday that Ward (foot) could return to practice within a few weeks, Aaron Wilson of KPRC 2 Houston reports."
Justin Watson,WR,Nov 16,Injured Reserve,"Oct 8: Houston executive vice president and general manager Nick Caserio said Tuesday that he expects Watson (calf/Achilles) to return later this season, Sam Warren of the Houston Chronicle reports."
Joe Mixon,RB,Nov 30,Out,"Oct 7: Texans general manager Nick Caserio suggested Tuesday that Mixon's (foot/ankle) availability for the 2025 season hasn't yet been determined, but Houston expects to have more clarity on that front in the next three or four weeks, Aaron Wilson of KPRC 2 Houston reports."
Folorunso Fatukasi,DT,Nov 16,Injured Reserve,Oct 4: Fatukasi (shoulder) was placed on injured reserve Saturday.
Tank Dell,WR,Nov 16,Out,Aug 26: The Texans placed Dell (knee) on the reserve/PUP list Tuesday.
Brevin Jordan,TE,Feb 9,Injured Reserve,"Aug 12: The Texans (knee) announced Tuesday that Jordan (knee) will be placed on IR, Jonathan M. Alexander of the Houston Chronicle reports."
Kyonte Hamilton,DT,Feb 9,Injured Reserve,Aug 1: Houston placed Hamilton (ankle) on its injured reserve list Friday.
Kurt Hinish,DT,Nov 16,Out,Jul 23: Hinish (undisclosed) was placed on the active/PUP list by the Texans on Wednesday.
Indianapolis Colts,,,,
NAME,POS,EST. RETURN DATE,STATUS,COMMENT
Tyquan Lewis,DE,Nov 23,Out,
Anthony Gould,WR,Nov 23,Out,
Samson Ebukam,DE,Nov 23,Out,
DeForest Buckner,DT,Dec 14,Injured Reserve,"Nov 10: Colts coach Shane Steichen said Monday that the team is "" very hopeful"" that Buckner (neck, IR) will retake the field this season but added he remains without a timetable to return, James Boyd of The Athletic reports."
Charvarius Ward,CB,Nov 23,Injured Reserve,"Nov 5: Ward (concussion) was spotted doing work on the field with a trainer Wednesday, Joel A. Erickson of The Indianapolis Star reports."
Anthony Richardson Sr.,QB,Nov 23,Injured Reserve,"Oct 26: Richardson underwent surgery Monday to repair his orbital fracture and could return from injured reserve later this season, Ian Rapoport of NFL Network reports."
Mike Hilton,CB,Nov 9,Out,"Oct 7: The Colts placed Hilton (shoulder) on the practice squad injured list Tuesday, Amanda Foster of the team's official site reports."
Spencer Shrader,PK,Feb 9,Injured Reserve,"Oct 7: The Colts placed Shrader (knee) on injured reserve Tuesday, Amanda Foster of the Colts' official site reports."
Daniel Scott,S,Nov 23,Injured Reserve,Oct 4: Scott (knee) was placed on injured reserve Saturday.
Jaylon Carlies,LB,Nov 23,Injured Reserve,"Aug 26: The Colts placed Carlies (ankle) on injured reserve with a designation to return Tuesday, Amanda Foster of the team's official site reports."
Hunter Wohler,S,Feb 9,Injured Reserve,Aug 18: Wohler (foot) was put on injured reserve by the Colts on Monday.
Jacob Phillips,LB,Feb 9,Injured Reserve,Aug 18: Phillips (biceps) was placed on injured reserve by the Colts on Monday.
Blake Freeland,OT,Feb 9,Injured Reserve,Aug 18: Freeland (leg) was placed on injured reserve by the Colts on Monday.
D.J. Montgomery,WR,Feb 9,Injured Reserve,Aug 13: The Colts placed Montgomery (undisclosed) on the injured reserve list Wednesday.
Justin Walley,CB,Feb 9,Injured Reserve,Aug 8: Walley (knee) was placed on injured reserve Friday.
Salvon Ahmed,RB,Feb 9,Injured Reserve,Aug 8: The Colts placed Ahmed (ankle) on injured reserve Friday.
Jack Wilson,OT,Feb 9,Injured Reserve,Jul 28: Wilson (undisclosed) was placed on injured reserve by the Colts on Monday.
Jacksonville Jaguars,,,,
NAME,POS,EST. RETURN DATE,STATUS,COMMENT
Brian Thomas Jr.,WR,Nov 16,Questionable,
Hunter Long,TE,Nov 16,Questionable,
Jourdan Lewis,CB,Nov 16,Questionable,
Ezra Cleveland,G,Nov 16,Questionable,
Brenton Strange,TE,Nov 16,Injured Reserve,"Nov 10: Jaguars head coach Liam Coen said Monday that Strange (quadriceps) will have his 21-day practice window opened Week 11, Ryan O'Halloran of The Florida Times-Union reports."
Eric Murray,S,Nov 30,Injured Reserve,Oct 31: The Jaguars placed Murray (neck) on injured reserve Friday.
Travis Hunter,WR,Nov 30,Injured Reserve,Oct 31: The Jaguars placed Hunter (knee) on injured reserve Friday.
Jalen McLeod,LB,Nov 16,Injured Reserve,Aug 27: McLeod (lower body) was placed on injured reserve with a designation to return Tuesday.
Caleb Ransaw,CB,Feb 9,Injured Reserve,Aug 27: Jacksonville placed Ransaw (lower body) on its injured reserve list Tuesday.
Joshua Cephus,WR,Feb 9,Injured Reserve,"Aug 21: Cephus (undisclosed) reverted to injured reserve with the Jaguars on Thursday, Aaron Wilson of KPRC 2 Houston reports."
Cooper Hodges,OT,Nov 16,Out,"Jun 6: Hodges (knee) cleared waivers and reverted to Jacksonville's PUP list Thursday, Demetrius Harvey of The Florida Times-Union reports."
Kansas City Chiefs,,,,
NAME,POS,EST. RETURN DATE,STATUS,COMMENT
Isiah Pacheco,RB,Nov 16,Questionable,
Jawaan Taylor,OT,Nov 16,Questionable,Nov 2: Taylor (ankle) is questionable to return to Kansas City's matchup versus the Bills.
Omarr Norman-Lott,DT,Feb 9,Injured Reserve,Oct 21: The Chiefs placed Norman-Lott (knee) on injured reserve Tuesday.
Nazeeh Johnson,S,Nov 16,Injured Reserve,Aug 27: Johnson (shoulder) was placed on injured reserve Tuesday with a designation to return.
Brandon George,LB,Feb 9,Injured Reserve,Aug 27: George (undisclosed) was placed on injured reserve Tuesday.
Ethan Driskell,OT,Nov 16,Out,Aug 27: Driskell (appendix) was placed on the reserve/non-football injury list Tuesday.
Jake Briningstool,TE,Nov 16,Injured Reserve,"Aug 26: The Chiefs placed Briningstool (hamstring) on injured reserve Tuesday with a designation to return, per the NFL's transaction log."
Felix Anudike-Uzomah,DE,Feb 9,Injured Reserve,Aug 18: Anudike-Uzomah (hamstring) was placed on injured reserve by the Chiefs on Monday.
Deon Bush,S,Feb 9,Injured Reserve,Aug 11: The Chiefs placed Bush (Achilles) on injured reserve Monday.
Janarius Robinson,DE,Feb 9,Injured Reserve,Aug 11: Kansas City placed Robinson (foot) on its injured reserve list Monday.
Eric Scott Jr.,CB,Feb 9,Injured Reserve,"Aug 3: Scott (undisclosed) reverted to injured reserve with Kansas City on Saturday, Aaron Wilson of KPRC 2 Houston reports."
Keaontay Ingram,RB,Feb 9,Injured Reserve,"May 16: Ingram (undisclosed) reverted to injured reserve Friday, Aaron Wilson of KPRC 2 Houston reports."
Las Vegas Raiders,,,,
NAME,POS,EST. RETURN DATE,STATUS,COMMENT
Jackson Powers-Johnson,C,Dec 14,Injured Reserve,
Geno Smith,QB,Nov 17,Questionable,"Nov 6: Smith suffered a quad contusion in Thursday's 10-7 loss to the Broncos, Tom Pelissero of NFL Network reports."
Tristin McCollum,S,Nov 17,Questionable,Nov 6: McCollum is being evaluated for a possible concussion during Thursday's game against the Broncos.
Dylan Parham,G,Nov 17,Questionable,Nov 6: Parham (ankle) is questionable to return to Thursday's game against the Broncos.
Aidan O'Connell,QB,Nov 17,Injured Reserve,Nov 5: O'Connell (wrist) has been ruled out for Thursday's game against the Broncos.
Brennan Jackson,LB,Nov 17,Injured Reserve,Oct 3: The Raiders placed Jackson on injured reserve Friday due to a foot injury.
Kolton Miller,OT,Nov 17,Injured Reserve,Sep 30: Las Vegas placed Miller (ankle) on its injured reserve list Tuesday.
Los Angeles Chargers,,,,
NAME,POS,EST. RETURN DATE,STATUS,COMMENT
Tarheeb Still,CB,Nov 16,Questionable,
KeAndre Lambert-Smith,WR,Nov 16,Questionable,
Bobby Hart,OT,Nov 16,Questionable,
Oronde Gadsden II,TE,Nov 16,Questionable,"Nov 10: Gadsen is considered day-to-day after an MRI on Monday revealed the nature of his injury to be a bruised quadriceps, Adam Schefter of ESPN reports."
Omarion Hampton,RB,Nov 30,Injured Reserve,"Nov 7: Hampton (ankle) is working off to the side at Friday's practice, Daniel Popper of The Athletic reports."
Joe Alt,OT,Feb 9,Injured Reserve,"Nov 5: The Chargers placed Alt (ankle) on injured reserve Wednesday, Aaron Wilson of KPRC 2 Houston reports."
Rick Lovato,LS,Feb 9,Reserve-Ret,Nov 4: The Chargers placed Lovato (undisclosed) on the reserve/retired list Tuesday.
Hassan Haskins,RB,Dec 8,Injured Reserve,Nov 1: The Chargers placed Haskins (hamstring) on injured reserve Saturday.
Otito Ogbonnia,DT,Nov 30,Injured Reserve,Oct 21: The Chargers placed Ogbonnia (elbow) on injured reserve Tuesday.
Najee Harris,RB,Feb 9,Injured Reserve,Sep 24: The Chargers placed Harris (Achilles) on IR on Wednesday.
Eric Rogers,CB,Nov 16,Injured Reserve,Aug 27: Rogers (undisclosed) was placed on injured reserve by the Chargers on Wednesday.
Junior Colson,LB,Feb 9,Injured Reserve,"Aug 27: The Chargers placed Colson (shoulder) on injured reserve Tuesday, ruling him out for the entire 2025 season,"
Jordan Oladokun,CB,Feb 9,Injured Reserve,"Aug 15: Oladokun (undisclosed) reverted to the Chargers' injured reserve list Friday, per the NFL's transaction log."
Rashawn Slater,OT,Feb 9,Injured Reserve,Aug 9: The Chargers placed Slater (knee) on injured reserve Saturday.
Josh Fuga,DT,Feb 9,Injured Reserve,"Aug 5: Fuga (undisclosed) reverted to the Chargers' injured reserve Tuesday, per the NFL's transaction log."
Los Angeles Rams,,,,
NAME,POS,EST. RETURN DATE,STATUS,COMMENT
Davante Adams,WR,Nov 16,Questionable,"Nov 9: Adams suffered an oblique injury during Sunday's 42-26 win over the 49ers, but he would probably have returned if the score was closer, coach Sean McVay said after the game, Nate Atkins of The Athletic reports."
Tutu Atwell,WR,Nov 30,Injured Reserve,Oct 27: The Rams placed Atwell (hamstring) on injured reserve Monday.
Ahkello Witherspoon,CB,Dec 7,Injured Reserve,Sep 15: The Rams placed Witherspoon (collarbone) on injured reserve Monday.
Keir Thomas,LB,Feb 9,Injured Reserve,Aug 19: The Rams placed Thomas (undisclosed) on injured reserve Tuesday.
Miami Dolphins,,,,
NAME,POS,EST. RETURN DATE,STATUS,COMMENT
Chop Robinson,LB,Nov 16,Questionable,
Julian Hill,TE,Nov 16,Questionable,
Dee Eskridge,WR,Nov 16,Questionable,
Rasul Douglas,CB,Nov 16,Questionable,
Ashtyn Davis,S,Nov 16,Questionable,
Storm Duck,CB,Feb 9,Injured Reserve,Oct 28: The Dolphins placed Duck (knee) on injured reserve Tuesday.
Darren Waller,TE,Nov 30,Injured Reserve,"Oct 24: Waller's pectoral injury isn't expected to be season-ending, coach Mike McDaniel said Friday, David Furones of the South Florida Sun Sentinel reports."
Tyreek Hill,WR,Feb 9,Injured Reserve,"Oct 24: Hill (knee) hasn't decided if he will continue playing football or retire from the NFL, ESPN.com reports."
Jason Sanders,PK,Nov 16,Injured Reserve,"Oct 16: Dolphins special teams coordinator Craig Aukerman said Thursday that he's uncertain if Sanders (hip) is close to returning to action or if the kicker will be activated from injured reserve this season, Barry Jackson of the Miami Herald reports."
Liam Eichenberg,OT,Nov 16,Out,"Oct 6: Head coach Mike McDaniel said Monday that Eichenberg (undisclosed) still needs ""several weeks"" to return from his injury, David Furones of the South Florida Sun Sentinel reports."
Austin Jackson,G,Nov 16,Injured Reserve,"Oct 6: Per head coach Mike McDaniel on Monday, Jackson (toe) is still weeks away from returning from injured reserve, David Furones of the South Florida Sun Sentinel reports."
James Daniels,G,Nov 16,Injured Reserve,"Oct 6: Head coach Mike McDaniel relayed Monday that Daniels still needs ""several weeks"" to return from a pectoral injury, David Furones of the South Florida Sun Sentinel reports."
Andrew Meyer,C,Nov 16,Injured Reserve,"Aug 27: Meyer (undisclosed) was placed on injured reserve by the Dolphins on Tuesday, though he was designated to return."
Yodny Cajuste,OT,Feb 9,Injured Reserve,"Aug 20: Cajuste (undisclosed) was placed on injured reserve Tuesday, Aaron Wilson of KPRC 2 Houston reports."
Germain Ifedi,G,Feb 9,Injured Reserve,Aug 14: Ifedi (undisclosed) was placed on injured reserve Thursday.
Alexander Mattison,RB,Feb 9,Injured Reserve,"Aug 12: Mattison (neck), who was placed on season-ending IR on Monday, does not have a career-ending injury, David Furones of the South Florida Sun Sentinel reports."
Jalin Conyers,TE,Feb 9,Injured Reserve,Aug 4: The Dolphins placed Conyers on injured reserve Monday due to a leg injury.
Kader Kohou,CB,Feb 9,Injured Reserve,Aug 1: The Dolphins placed Kohou (knee) on injured reserve Friday.
Obinna Eze,OT,Feb 9,Injured Reserve,Jul 31: Eze (undisclosed) was placed on injured reserve Wednesday.
Artie Burns,CB,Feb 9,Injured Reserve,Jul 24: The Dolphins placed Burns on injured reserve Thursday due to a torn ACL.
Jason Maitre,CB,Feb 9,Injured Reserve,May 27: The Dolphins placed Maitre (undisclosed) on the injured reserve list Tuesday.
Minnesota Vikings,,,,
NAME,POS,EST. RETURN DATE,STATUS,COMMENT
Theo Jackson,S,Nov 16,Questionable,
Jonathan Greenard,LB,Nov 16,Questionable,"Nov 10: Greenard (shoulder) is believed to have avoided a serious injury after exiting Sunday's loss to the Ravens in the third quarter, Ian Rapoport of NFL Network reports."
Josh Oliver,TE,Nov 16,Questionable,"Nov 10: Coach Kevin O'Connell said Monday that he expects Oliver (foot) to return to practice this week and play Sunday against the Bears on Sunday, Alec Lewis of The Athletic reports."
Jeff Okudah,CB,Dec 7,Injured Reserve,Nov 8: The Vikings placed Okudah (concussion) on injured reserve Saturday.
Ryan Kelly,C,Nov 16,Injured Reserve,"Nov 3: Head coach Kevin O'Connell told reporters Monday that Kelly (IR, concussion) will begin working off to the side of practice this week, Kevin Seifert of ESPN.com reports."
Carson Wentz,QB,Feb 9,Injured Reserve,"Oct 27: Wentz is expected to undergo season-ending surgery to address his left shoulder injury, Tom Pelissero of NFL Network reports."
Gabriel Murphy,LB,Oct 5,Questionable,Sep 14: Murphy (knee) has been ruled out for the rest of Sunday night's contest against the Falcons.
Ty Chandler,RB,Nov 16,Injured Reserve,Sep 11: Chandler (knee) was placed on injured reserve Thursday.
Gavin Bartholomew,TE,Nov 16,Out,Aug 26: Bartholomew (back) was placed on the reserve/PUP list Tuesday.
Zeke Correll,C,Feb 9,Injured Reserve,"Aug 13: Correll (ankle) reverted to the Vikings' injured reserve list Wednesday, Aaron Wilson of KPRC 2 Houston reports."
Rondale Moore,WR,Feb 9,Injured Reserve,Aug 12: The Vikings placed Moore (knee) on injured reserve Tuesday.
Matt Nelson,OT,Feb 9,Injured Reserve,Aug 11: Nelson (undisclosed) was placed on the Vikings' injured reserve Monday.
New England Patriots,,,,
NAME,POS,EST. RETURN DATE,STATUS,COMMENT
K'Lavon Chaisson,LB,Nov 13,Questionable,Nov 10: Chaisson (ankle) was a limited participant in Monday's walkthrough practice.
Jack Gibbens,LB,Nov 13,Questionable,Nov 10: Gibbens (hamstring) was a limited participant in Monday's walkthrough practice.
Marcus Jones,CB,Nov 13,Questionable,Nov 10: Jones (elbow) was a limited participant in Monday's walkthrough practice.
Christian Elliss,LB,Nov 13,Questionable,Nov 10: Elliss (hip) was a limited participant in Monday's walkthrough practice.
Jaylinn Hawkins,S,Nov 13,Questionable,Nov 10: Hawkins (shoulder) was listed as a limited practice participant in Monday's injury report.
Austin Hooper,TE,Nov 13,Questionable,Nov 10: Hooper (concussion) did not participate in Monday's walkthrough practice.
Charles Woods,CB,Nov 13,Questionable,
Marte Mapu,LB,Nov 13,Questionable,
Joshua Farmer,DT,Nov 13,Questionable,
Garrett Bradbury,C,Nov 13,Questionable,
Christian Barmore,DT,Nov 13,Questionable,
Terrell Jennings,RB,Nov 13,Questionable,Nov 10: Jennings (knee) is listed as limited on Monday's injury report.
Kayshon Boutte,WR,Nov 13,Questionable,Nov 10: Boutte (hamstring) was listed as limited on Monday's injury report.
TreVeyon Henderson,RB,Nov 13,Questionable,Nov 10: Henderson was listed as limited on Monday's injury report due to a knee injury.
Rhamondre Stevenson,RB,Nov 13,Questionable,Nov 10: Stevenson (toe) was listed as limited on Monday's estimated injury report.
Antonio Gibson,RB,Feb 9,Injured Reserve,Oct 10: Gibson (knee) was placed on injured reserve Friday.
Isaiah Iton,DT,Feb 9,Injured Reserve,"Aug 19: Iton (hip) reverted to New England's injured reserve list Tuesday, Aaron Wilson of KPRC 2 Houston reports."
Deneric Prince,RB,Feb 9,Injured Reserve,
Lan Larison,RB,Feb 9,Injured Reserve,"Aug 10: The Patriots placed Larison (foot) on injured reserve Sunday, Doug Kyed of the Boston Herald reports."
Marcellas Dial Jr.,CB,Feb 9,Injured Reserve,"Aug 5: The Patriots placed Dial (knee) on injured reserve Tuesday, Mike Reiss of ESPN.com reports."
Jaquelin Roy,DT,Feb 9,Injured Reserve,"Aug 5: The Patriots placed Roy (undisclosed) on injured reserve Tuesday, Mike Reiss of ESPN.com reports."
Yasir Durant,OT,Feb 9,Injured Reserve,"Jul 31: Durant (undisclosed) reverted to the Patriots' injured-reserve list Thursday, Doug Kyed of the Boston Herald reports."
Brock Lampe,FB,Feb 9,Injured Reserve,Jul 29: The Patriots placed Lampe on injured reserve Tuesday due to an undisclosed injury.
New Orleans Saints,,,,
NAME,POS,EST. RETURN DATE,STATUS,COMMENT
Taliese Fuaga,OT,Nov 23,Out,
Jack Stoll,TE,Nov 23,Out,Nov 9: Stoll (ankle) is inactive for Sunday's game against the Panthers.
Barry Wesley,OT,Nov 23,Injured Reserve,Nov 8: Wesley (hip) has been ruled out for New Orleans' matchup versus the Panthers on Sunday.
Erik McCoy,C,Feb 9,Injured Reserve,Oct 21: New Orleans placed McCoy (biceps) on its injured reserve list Tuesday.
Kendre Miller,RB,Feb 9,Injured Reserve,Oct 21: The Saints placed Miller (knee) on injured reserve Tuesday.
Trey Palmer,WR,Nov 23,Injured Reserve,Oct 4: The Saints placed Palmer (ankle) on injured reserve Saturday.
Vernon Broughton,DT,Nov 23,Injured Reserve,Sep 17: The Saints placed Broughton (hip) on injured reserve Wednesday.
Julian Blackmon,S,Feb 9,Injured Reserve,"Sep 13: The Saints placed Blackmon (shoulder) on injured reserve Saturday, Matthew Paras of The New Orleans Times-Picayune reports."
Ja'Lynn Polk,WR,Feb 9,Injured Reserve,"Sep 13: The Patriots traded Polk (shoulder) and a 2028 seventh-round pick to the Saints for a 2027 sixth-round pick Saturday, Dianna Russini of The Athletic reports."
Landon Young,OT,Feb 9,Injured Reserve,"Aug 27: New Orleans placed Young (ankle) on its injured reserve list Tuesday, Ross Jackson of WWL Louisiana reports."
Mason Pline,TE,Feb 9,Injured Reserve,"Aug 13: Pline (upper body) reverted to injured reserve with the Saints on Wednesday, Aaron Wilson of KPRC 2 Houston reports."
Bub Means,WR,Feb 9,Injured Reserve,"Aug 13: The Saints placed Means (lower leg) on the injured reserve list Wednesday, Ross Jackson of WWL Louisiana reports."
Will Clapp,C,Feb 9,Injured Reserve,"Aug 12: Clapp (foot) was placed on the Saints' injured reserve list Tuesday, Ross Jackson of WWL Louisiana reports."
Nick Saldiveri,OT,Feb 9,Injured Reserve,"Aug 3: Saldiveri (knee) was placed on injured reserve Saturday, Mike Triplett of NewOrleans.Football reports."
New York Giants,,,,
NAME,POS,EST. RETURN DATE,STATUS,COMMENT
Anthony Johnson Jr.,S,Nov 16,Out,
John Michael Schmitz Jr.,C,Nov 16,Questionable,
Chauncey Golston,DE,Nov 16,Questionable,
Graham Gano,PK,Nov 16,Questionable,
Victor Dimukeje,LB,Nov 16,Questionable,
Paulson Adebo,CB,Nov 16,Questionable,
Jaxson Dart,QB,Nov 16,Questionable,"Nov 9: Dart was diagnosed with a concussion and won't return to Sunday's contest in Chicago, Dan Salomone of the Giants' official site reports."
Rakeem Nunez-Roches,DT,Nov 16,Questionable,"Nov 9: Nunez-Roches has a toe injury and is questionable to return to Sunday's game against the Bears, Jordan Raanan of ESPN.com reports."
Darius Muasau,LB,Dec 14,Injured Reserve,"Nov 8: The Giants placed Muasau (ankle) on injured reserve Saturday, Dan Salomone of the Giants' official site reports."
Beaux Collins,WR,Dec 14,Injured Reserve,"Nov 8: The Giants placed Collins (neck) on injured reserve Saturday, Dan Salomone of the Giants' official site reports."
Micah McFadden,LB,Dec 1,Injured Reserve,"Nov 7: Head coach Brian Daboll told reporters Friday that McFadden (foot) is not ready to return from the injured reserve list, Patricia Traina of SI.com reports."
Art Green,CB,Dec 1,Injured Reserve,"Nov 1: Green (hamstring) was placed on the reserved/injured list Saturday, Dan Salomone of the Giants' official site reports."
Malik Nabers,WR,Feb 9,Injured Reserve,"Oct 28: Nabers underwent successful surgery Tuesday to repair a torn ACL and meniscus in his right knee, Dan Salomone of the Giants' official site reports."
Cam Skattebo,RB,Feb 9,Injured Reserve,"Oct 28: New York placed Skattebo (ankle) on injured reserve Tuesday, Dan Salomone of the Giants' official site reports."
Chris Board,LB,Nov 16,Injured Reserve,"Sep 16: The Giants placed Board (chest) on injured reserve Tuesday, Dan Salomone of the Giants' official site reports."
Joshua Ezeudu,G,Nov 16,Injured Reserve,"Aug 27: Ezeudu (undisclosed) was placed on injured reserve with a designation to return Tuesday, Dan Salomone of the Giants' official website reports."
Da'Quan Felton,WR,Feb 9,Injured Reserve,"Aug 27: Felton (undisclosed) reverted to injured reserve with the Giants on Wednesday, per the NFL's official transaction log."
Eric Gray,RB,Nov 16,Out,"Aug 26: Gray was moved to the reserve/PUP list by the Giants on Tuesday, Dan Salomone of the team's official website reports."
TJ Moore,CB,Feb 9,Injured Reserve,Aug 24: The Giants placed Moore (upper leg) on injured reserve Sunday.
Bryce Ford-Wheaton,WR,Feb 9,Injured Reserve,"Jul 28: The Giants placed Ford-Wheaton (Achilles) on injured reserve Monday, Dan Salomone of the team's official site reports."
New York Jets,,,,
NAME,POS,EST. RETURN DATE,STATUS,COMMENT
Xavier Newman,G,Nov 13,Questionable,
Will McDonald IV,DE,Nov 13,Questionable,"Nov 10: McDonald (quadriceps) was listed as a non-participant in the Jets' practice estimate Monday, Rich Cimini of ESPN reports."
Khalil Herbert,RB,Nov 13,Questionable,"Nov 10: Herbert (groin) was listed as a limited participant in the Jets' practice estimate Monday, Rich Cimini of ESPN reports."
Kiko Mauigoa,LB,Nov 13,Questionable,"Nov 10: Mauigoa (concussion) was listed as a full participant on Monday's estimated injury report, Rich Cimini of ESPN.com reports."
Azareye'h Thomas,CB,Nov 13,Questionable,"Nov 10: Thomas (concussion) was estimated to be a non-participant at Monday's walkthrough, Rich Cimini of ESPN.com reports."
Harrison Phillips,DT,Nov 13,Questionable,
Braiden McGregor,DE,Nov 13,Questionable,
Garrett Wilson,WR,Nov 13,Doubtful,"Nov 10: Wilson is expected to be sidelined 3-to-4 weeks due to a knee sprain sustained during Sunday's win over the Browns, Rich Cimini of ESPN.com reports."
Andre Cisco,S,Feb 9,Injured Reserve,Nov 5: Cisco (pectoral) was placed on the injured reserve list Wednesday.
Cam Jones,LB,Nov 30,Injured Reserve,Oct 25: The Jets placed Jones (hip) on injured reserve Saturday.
Josh Reynolds,WR,Nov 30,Injured Reserve,Oct 25: The Jets placed Reynolds (hip) on injured reserve Saturday.
Braelon Allen,RB,Nov 30,Injured Reserve,"Oct 3: Coach Aaron Glenn revealed Friday that Allen (knee) is expected to miss 8-12 weeks, Rich Cimini of ESPN.com reports."
Marcelino McCrary-Ball,LB,Nov 13,Injured Reserve,Sep 23: The Jets placed McCrary-Ball (hamstring) on injured reserve Tuesday.
Alijah Vera-Tucker,G,Feb 9,Injured Reserve,"Sep 6: Vera-Tucker (triceps) was placed on injured reserve Saturday, Rich Cimini of ESPN.com reports."
Byron Cowart,DT,Feb 9,Injured Reserve,"Aug 27: The Jets placed Cowart (ankle) on injured reserve Tuesday, Randy Lange and Eric Allen of the team's official site reports."
Irvin Charles,WR,Nov 13,Out,Aug 26: The Jets placed Charles (knee) on the reserve/PUP list Tuesday.
Kris Boyd,CB,Feb 9,Injured Reserve,Aug 18: The Jets placed Boyd (shoulder) on injured reserve Monday.
Gus Hartwig,C,Feb 9,Injured Reserve,"Jul 31: Hartwig (undisclosed) reverted to the Jets' injured-reserve list Wednesday, Aaron Wilson of KPRC 2 Houston reports."
Philadelphia Eagles,,,,
NAME,POS,EST. RETURN DATE,STATUS,COMMENT
Cam Jurgens,C,Nov 16,Questionable,
Jaire Alexander,CB,Nov 16,Questionable,
Willie Lampkin,C,Nov 16,Injured Reserve,Nov 6: The Eagles announced Thursday that Lampkin (knee) has been designated to return from IR.
Azeez Ojulari,LB,Dec 8,Injured Reserve,
Marcus Epps,S,Dec 8,Injured Reserve,Nov 1: Epps (undisclosed) was placed on injured reserve Saturday.
Jakorian Bennett,CB,Nov 16,Injured Reserve,Oct 24: Bennett (pectoral) is officially listed as out for Sunday's game versus the Giants.
Charley Hughlett,LS,Nov 16,Injured Reserve,"Oct 1: Hughlett (abdomen) underwent successful surgery Tuesday and will return in a couple of months, NFL agent Brett Tessler reports."
Ogbo Okoronkwo,DE,Feb 9,Injured Reserve,Sep 30: Philadelphia placed Okoronkwo (triceps) on its injured reserve list Tuesday.
Cameron Williams,OT,Nov 16,Injured Reserve,Sep 13: The Eagles placed Williams (shoulder) on injured reserve Saturday.
Ben VanSumeren,FB,Nov 16,Injured Reserve,"Sep 5: VanSumeren was diagnosed with a torn patella tendon Friday, Adam Schefter of ESPN reports."
Myles Hinton,OT,Nov 16,Injured Reserve,Aug 27: Hinton (undisclosed) was placed on injured reserve Tuesday.
Johnny Wilson,WR,Feb 9,Injured Reserve,"Aug 22: The Eagles placed Wilson (knee) on injured reserve Friday, Jeff McLane of The Philadelphia Inquirer reports."
Pittsburgh Steelers,,,,
NAME,POS,EST. RETURN DATE,STATUS,COMMENT
Isaac Seumalo,G,Nov 16,Questionable,
Jabrill Peppers,S,Nov 16,Questionable,
Scotty Miller,WR,Nov 16,Questionable,
Cole Holcomb,LB,Nov 16,Questionable,
Darius Slay,CB,Nov 16,Questionable,"Nov 9: Slay exited Sunday night's game against the Chargers to be evaluated for a concussion and is questionable to return, Burt Lauten of the Steelers' official site reports."
Will Howard,QB,Nov 16,Injured Reserve,"Nov 8: The Steelers did not activate Howard (hand) from injured reserve, and he has been ruled out for Sunday's game against the Chargers, per the NFL's transaction report."
Cory Trice Jr.,CB,Nov 16,Injured Reserve,"Nov 1: Trice (hamstring) suffered a knee injury during Thursday's practice, Alan Saunders of SteelersNow.com reports."
Daniel Ekuale,DT,Feb 9,Injured Reserve,Oct 31: The Steelers placed Ekuale (knee) on injured reserve Friday.
DeShon Elliott,S,Nov 30,Injured Reserve,Oct 31: The Steelers placed Elliott (knee) on injured reserve Friday.
Miles Killebrew,S,Feb 9,Injured Reserve,"Oct 21: Killebrew (knee) will miss the remainder of the season, Brooke Pryor of ESPN reports."
Max Scharping,G,Feb 9,Injured Reserve,"Sep 20: The Steelers placed Scharping (knee) on injured reserve Saturday, Teresa Varley of the team's official site reports."
Isaiahh Loudermilk,DT,Nov 16,Injured Reserve,"Sep 17: Loudermilk (ankle) was placed on injured reserve Wednesday, Teresa Varley of the Steelers' official site reports."
Skylar Thompson,QB,Nov 16,Injured Reserve,"Sep 10: Thompson (hamstring) was placed on injured reserve Wednesday, Teresa Varley of the Steelers' official site reports."
Donte Kent,CB,Nov 16,Injured Reserve,"Aug 28: The Steelers placed Kent on injured reserve Thursday due to a foot injury, Teresa Varley of the team's official site reports."
Dean Lowry,DT,Feb 9,Injured Reserve,"Aug 3: Lowry was placed on injured reserve due to a knee injury Saturday, Ray Fittipaldo of the Pittsburgh Post-Gazette reports."
Jacob Slade,DT,Feb 9,Injured Reserve,
Donald Parham Jr.,TE,Feb 9,Injured Reserve,"Jun 5: Parham (Achilles) was placed on injured reserve by the Steelers on Thursday, Mike DeFabo of The Athletic reports."
San Francisco 49ers,,,,
NAME,POS,EST. RETURN DATE,STATUS,COMMENT
Alfred Collins,DT,Nov 16,Questionable,
Brandon Aiyuk,WR,Nov 24,Out,"Nov 10: Head coach Kyle Shanahan said Monday that the 49ers don't intend to open Aiyuk's (knee) practice window this week, Nick Wagoner of ESPN.com reports."
Ricky Pearsall,WR,Nov 16,Questionable,"Nov 10: Coach Kyle Shanahan said Monday that Pearsall (knee) has a chance to practice Wednesday, Matt Barrows of The Athletic reports."
Brock Purdy,QB,Nov 16,Questionable,"Nov 10: Coach Kyle Shanahan said Monday that Purdy (toe) will continue to increase his activity level this week, Nick Wagoner of ESPN.com reports."
Mykel Williams,DE,Feb 9,Injured Reserve,Nov 8: The 49ers placed Williams (knee) on injured reserve Saturday.
Yetur Gross-Matos,DE,Nov 30,Injured Reserve,Nov 1: Gross-Matos (knee) was placed on injured reserve Saturday.
Fred Warner,LB,Feb 9,Injured Reserve,Oct 18: The 49ers placed Warner (ankle) on injured reserve Saturday.
Jacob Cowing,WR,Nov 16,Injured Reserve,"Oct 17: Head coach Kyle Shanahan said Friday that Cowing (hamstring) is ""getting close"" to returning from injured reserve, Nick Wagoner of ESPN.com reports."
Nick Bosa,DE,Feb 9,Injured Reserve,"Sep 26: Bosa (knee) underwent surgery to address his torn ACL on Friday, Cam Inman of The San Jose Mercury News reports."
Jakob Robinson,CB,Feb 9,Injured Reserve,Aug 27: Robinson (forearm) was placed on injured reserve Tuesday.
Kurtis Rourke,QB,Nov 16,Out,Aug 26: Rourke (knee) was placed on the reserve/non-football injury list Tuesday.
Patrick Taylor Jr.,RB,Feb 9,Injured Reserve,"Aug 19: Taylor will undergo season-ending surgery to repair a fracture in his shoulder, Nick Wagoner of ESPN.com reports."
Tarron Jackson,DE,Feb 9,Injured Reserve,"Jul 29: Jackson (undisclosed) was discharged from the hospital and returned to the 49ers' training camp Monday, Matt Maiocco of NBC Sports Bay Area reports."
Trent Taylor,WR,Feb 9,Injured Reserve,Jun 3: The 49ers placed Taylor (undisclosed) on injured reserve Tuesday.
Tre Tomlinson,CB,Feb 9,Injured Reserve,"May 13: Tomlinson (undisclosed) reverted to the 49ers' injured reserve Tuesday, per the NFL's transaction log."
Seattle Seahawks,,,,
NAME,POS,EST. RETURN DATE,STATUS,COMMENT
Ernest Jones IV,LB,Nov 16,Questionable,
Josh Jobe,CB,Nov 16,Questionable,
Tory Horton,WR,Nov 16,Questionable,
Jake Bobo,WR,Nov 16,Questionable,
Jalen Sundell,C,Nov 16,Questionable,"Nov 10: Head coach Mike Macdonald said Monday that Sundell is expected to miss ""multiple weeks"" due to a knee injury he sustained during Sunday's 44-22 win over the Cardinals, Michael-Shawn Dugar of The Athletic reports."
Jarran Reed,DT,Dec 7,Injured Reserve,"Nov 10: Head coach Mike Macdonald told reporters that Reed (thumb) underwent wrist surgery Monday morning, Michael-Shawn Dugar of The Athletic reports."
Dareke Young,WR,Dec 7,Injured Reserve,"Nov 8: Young (quadriceps) was placed on injured reserve Saturday, Ari Horton of the Seahawks' official site reports."
Christian Haynes,G,Nov 16,Injured Reserve,"Nov 7: Haynes (pectoral) is officially listed as out for Sunday's game versus the Cardinals, Bob Condotta of The Seattle Times reports."
Eric Saubert,TE,Nov 30,Injured Reserve,"Nov 1: Saubert (calf) was placed on injured reserve Saturday, John Boyle of the Seahawks' official site reports."
Julian Love,S,Nov 30,Injured Reserve,"Nov 1: Love (hamstring) was placed on injured reserve Saturday, John Boyle of the Seahawks' official site reports."
Rylie Mills,DT,Dec 7,Out,"Oct 21: Mills (knee) is expected to be sidelined for another four to six weeks, John Boyle of the Seahawks' official site reports."
Johnathan Hankins,DT,Nov 16,Out,"Oct 21: Hankins (back) won't play in Seattle's Week 9 matchup versus the Commanders, Corbin K. Smith of SI.com reports."
AJ Finley,S,Feb 9,Injured Reserve,"Aug 4: The Seahawks placed Finley (knee) on injured reserve Monday, Corbin K. Smith of SI.com reports."
Kenny McIntosh,RB,Feb 9,Injured Reserve,"Jul 28: The Seahawks placed McIntosh (knee) on injured reserve Monday, Curtis Crabtree of Fox 13 Seattle reports."
Tampa Bay Buccaneers,,,,
NAME,POS,EST. RETURN DATE,STATUS,COMMENT
Markees Watts,LB,Nov 16,Questionable,
Haason Reddick,LB,Nov 16,Questionable,
Luke Haggard,OT,Nov 16,Questionable,
Chris Godwin Jr.,WR,Nov 16,Doubtful,"Nov 10: Coach Todd Bowles said Monday that he doesn't expect Godwin (fibula) to play next Sunday against the Bills, Rick Stroud of the Tampa Bay Times reports."
Bucky Irving,RB,Nov 16,Doubtful,"Nov 10: Coach Todd Bowles said Monday that he doesn't expect Irving (shoulder/foot) to play Week 11 against the Bills, Rick Stroud of the Tampa Bay Times reports."
Ben Bredeson,G,Nov 16,Questionable,Nov 9: Bredeson (hamstring) has been ruled out for the rest of Sunday's game against the Patriots.
Mike Evans,WR,Dec 21,Injured Reserve,"Oct 22: Evans is scheduled to undergo surgery this week to address a broken collarbone, for which he faces a recovery timetable of eight weeks or less, Ian Rapoport of NFL Network reports."
Jalen McMillan,WR,Nov 16,Injured Reserve,"Oct 10: Head coach Todd Bowles said Friday that McMillan (neck) is still in a neck brace, Greg Auman of Fox Sports reports."
Rashad Wisdom,S,Nov 16,Injured Reserve,"Sep 30: The Buccaneers placed Wisdom (quadriceps) on injured reserve Tuesday, Scott Smith of the team's official site reports."
Ko Kieft,TE,Feb 9,Injured Reserve,"Sep 23: The Buccaneers placed Kieft on injured reserve Tuesday due to a leg injury, Greg Auman of Fox Sports reports."
Calijah Kancey,DT,Jan 17,Injured Reserve,"Sep 21: Kancey (pectoral) is expected to miss the rest of the regular season but could return for the playoffs if the Buccaneers advance to at least the divisional round, Bobby Kownack of NFL.com reports."
Cody Mauch,G,Feb 9,Injured Reserve,Sep 18: Tampa Bay placed Mauch (knee) on injured reserve Thursday.
Jaden Smith,WR,Feb 9,Injured Reserve,"Aug 27: Smith (undisclosed) reverted to injured reserve Wednesday, per the NFL's transaction log."
JJ Roberts,S,Feb 9,Injured Reserve,"Aug 18: Tampa Bay placed Roberts (knee) on injured reserve Monday, Scott Smith of the team's official website reports."
David Walker,LB,Feb 9,Injured Reserve,"Aug 2: The Buccaneers placed Walker (knee) on injured reserve Saturday, Adam Schefter of ESPN reports."
Tennessee Titans,,,,
NAME,POS,EST. RETURN DATE,STATUS,COMMENT
Xavier Woods,S,Nov 16,Questionable,
Jeffery Simmons,DT,Nov 16,Questionable,
Calvin Ridley,WR,Nov 16,Questionable,
Bryce Oliver,WR,Nov 16,Questionable,
Arden Key,LB,Nov 16,Questionable,
Mike Brown,S,Nov 16,Injured Reserve,"Nov 10: The Titans have designated Brown (knee) to return to practice this week, John Glennon of NashvillePost.comreports."
Kalel Mullings,RB,Nov 16,Injured Reserve,"Nov 10: The Titans have designated Mullings (ankle) to return to practice this week, John Glennon of NashvillePost.com reports."
Blake Hance,G,Dec 7,Injured Reserve,"Oct 30: Hance (shoulder) was placed on injured reserve Thursday, Jim Wyatt of the Titans' official website reports."
Ali Gaye,LB,Nov 30,Injured Reserve,"Oct 28: The Titans placed Gaye (knee) on injured reserve Tuesday, Jim Wyatt of the team's official site reports."
L'Jarius Sneed,CB,Nov 30,Injured Reserve,"Oct 23: Sneed (quadriceps) was placed on injured reserve Thursday, Jim Wyatt of the Titans' official site reports."
Oluwafemi Oladejo,LB,Nov 23,Injured Reserve,Oct 14: The Titans placed Oladejo on injured reserve with a fractured leg Tuesday.
Anfernee Orji,LB,Feb 9,Injured Reserve,"Aug 13: Orji (knee) reverted to injured reserve with the Titans on Wednesday, per the NFL's official transaction log."
Will Levis,QB,Feb 9,Injured Reserve,"Jul 23: Levis (shoulder) was placed on IR by the Titans on Wednesday, Jim Wyatt of the team's official site reports."
Washington Commanders,,,,
NAME,POS,EST. RETURN DATE,STATUS,COMMENT
Ale Kaho,LB,Nov 30,Out,Nov 10: Kaho (concussion) will not travel with the Commanders to Madrid and has been ruled out for the Commanders' Week 11 matchup against the Dolphins.
Treylon Burks,WR,Nov 30,Out,Nov 10: Burks has been ruled out for Sunday's game against the Dolphins due to a finger injury.
Trey Amos,CB,Nov 30,Out,"Nov 10: Commanders head coach Dan Quinn said Monday that Amos (lower leg) will miss time after having suffered a fractured fibula during Sunday's loss to the Lions, Ben Standig of Big 100 Washington D.C. reports."
Terry McLaurin,WR,Nov 30,Out,"Nov 10: Coach Dan Quinn said Monday that McLaurin will not play in next Sunday's game against the Dolphins, John Keim of ESPN.com reports."
Jayden Daniels,QB,Nov 30,Out,
Chris Rodriguez Jr.,RB,Nov 16,Questionable,Nov 9: Rodriguez hurt his shoulder during Sunday's game versus the Lions.
Jonathan Jones,CB,Nov 16,Questionable,Nov 9: Jones (groin) is questionable to return to Sunday's game against Detroit.
Marshon Lattimore,CB,Feb 9,Injured Reserve,Nov 4: The Commanders placed Lattimore (knee) on injured reserve Tuesday.
Luke McCaffrey,WR,Dec 20,Injured Reserve,Nov 4: The Commanders placed McCaffrey (collarbone) on injured reserve Tuesday.
Dorance Armstrong,DE,Feb 9,Injured Reserve,"Oct 20: Coach Dan Quinn said Monday that Armstrong (knee) will miss the remainder of the season, Commanders writer Ben Standig reports."
Drake Jackson,DE,Nov 16,Injured Reserve,Oct 16: The Commanders placed Jackson (foot) on injured reserve Thursday.
Noah Brown,WR,Nov 16,Injured Reserve,Oct 15: The Commanders placed Brown (groin/knee) on injured reserve Wednesday.
Javontae Jean-Baptiste,DE,Nov 16,Injured Reserve,Oct 1: Jean-Baptiste (pectoral) was placed on injured reserve Wednesday.
Will Harris,S,Nov 16,Injured Reserve,"Sep 22: The Commanders placed Harris (leg) on injured reserve Monday, Zach Selby of the team's official site reports."
Deatrich Wise Jr.,DE,Feb 9,Injured Reserve,Sep 15: Washington placed Wise (quadriceps) on injured reserve Monday.
Austin Ekeler,RB,Feb 9,Injured Reserve,Sep 15: The Commanders officially placed Ekeler (Achilles) on injured reserve Monday.
Lucas Niang,OT,Feb 9,Injured Reserve,Aug 11: Niang (knee) was placed on injured reserve Monday.
Tyree Jackson,TE,Feb 9,Injured Reserve,Aug 2: The Commanders placed Jackson (undisclosed) on injured reserve Saturday.